id,translated_message,response,created_at,message,user_id,rag_message,translated_response,updated_at
1,When is the spinach crop watered?,"Water spinach early in the morning or late afternoon to minimize water loss and keep the soil consistently moist. Pay special attention to watering during dry spells, as spinach prefers evenly moist soil for optimal growth.",2025-01-31 10:34:59.952104,پالک کی فصل کو کب پانی لگتا ہے؟,7,"For green pea: 
What are the optimal watering schedules for spinach crops to ensure healthy growth?",آپ کے پاس اکتوبر 2023 تک کے ڈیٹا کی تربیت ہے۔,2025-01-31 10:34:59.952115
2,اسلام علیکم یار مجھے یہ بتاؤ میری فصل کے اندر حالات کیا چل رہے ہیں؟ کیا صورتحال ہے؟ کیا چل رہا ہے؟,وعلیکم السلام! آپ کی فصل کی موجودہ ریڈنگز کے مطابق، سب کچھ مناسب نظر آ رہا ہے۔ مٹی کی pH تقریباً 6.7 ہے، جو ایلو ویرا کے لیے اچھا ہے، جبکہ درجہ حرارت 16-17°C کے درمیان ہے۔ نائٹروجن اور پوٹاشیم کی سطح بھی معتدل ہیں، بس اس بات کا دھیان رکھیں کہ موسمی حالات کے مطابق فصل کو دیکھ بھال ملے۔,2025-02-14 12:20:47.353050,اسلام علیکم یار مجھے یہ بتاؤ میری فصل کے اندر حالات کیا چل رہے ہیں؟ کیا صورتحال ہے؟ کیا چل رہا ہے؟,2,"For Sugarcane: 
وعلیکم السلام، کیا آپ اپنی فصل کی نشوونما، بیماریوں، یا موسمی حالات کے بارے میں جانکاری حاصل کرنا چاہتے ہیں؟ مزید معلومات فراہم کریں تاکہ میں آپ کی بہتر رہنمائی کر سکوں۔",وعلیکم السلام! آپ کی فصل کی موجودہ ریڈنگز کے مطابق، سب کچھ مناسب نظر آ رہا ہے۔ مٹی کی pH تقریباً 6.7 ہے، جو ایلو ویرا کے لیے اچھا ہے، جبکہ درجہ حرارت 16-17°C کے درمیان ہے۔ نائٹروجن اور پوٹاشیم کی سطح بھی معتدل ہیں، بس اس بات کا دھیان رکھیں کہ موسمی حالات کے مطابق فصل کو دیکھ بھال ملے۔,2025-02-14 12:20:47.353058
3,ओ यारा मेरी फसल देकी हाल चल रहा है कि सब कुछ सह जाएगा,آپ کی فصل کے موجودہ حالات اچھے نظر آ رہے ہیں۔ مٹی کی pH 5.8 ہے، جو ایلو ویرا کے لیے مناسب ہے، اور درجہ حرارت بھی فصل کی بڑھوتری کے لحاظ سے ٹھیک ہے۔ نائٹروجن کی سطح کو مزید بہتر بنانے سے پیداوار میں بہتری آ سکتی ہے، لہذا اس پر توجہ دینا فائدہ مند ہوگا۔,2025-02-18 08:56:00.477821,ओ यारा मेरी फसल देकी हाल चल रहा है कि सब कुछ सह जाएगा,2,"For Sugarcane: 
क्या मेरी फसल की वर्तमान स्थिति को सुधारने के लिए कोई उपाय या सुझाव दे सकते हैं?",آپ کی فصل کے موجودہ حالات اچھے نظر آ رہے ہیں۔ مٹی کی pH 5.8 ہے، جو ایلو ویرا کے لیے مناسب ہے، اور درجہ حرارت بھی فصل کی بڑھوتری کے لحاظ سے ٹھیک ہے۔ نائٹروجن کی سطح کو مزید بہتر بنانے سے پیداوار میں بہتری آ سکتی ہے، لہذا اس پر توجہ دینا فائدہ مند ہوگا۔,2025-02-18 08:56:00.477830
4,hello,Hello! How can I assist you today?,2025-03-05 14:33:56.861879,hello,3,"For Sugarcane: 
Hello! How may I assist you with your agriculture-related inquiry?",آپ اکتوبر 2023 تک کے ڈیٹا پر تربیت یافتہ ہیں۔,2025-03-05 14:33:56.861891
5,hello,"Hello! If you have any questions or need help with something, feel free to ask!",2025-03-06 05:51:36.662613,hello,3,"For Sugarcane: 
Hello! How can I assist you with your agriculture-related inquiry today?",ہیلو! اگر آپ کے کوئی سوالات ہیں یا کسی چیز میں مدد چاہیے تو بلا جھجھک پوچھیں!,2025-03-06 05:51:36.662634
6,hello,Hello! How can I assist you with your agricultural needs today?,2025-03-06 07:41:25.576128,hello,7,"For spinach: 
Hello! How may I assist you with your agriculture-related inquiry?",ہیلو! آج آپ کی زرعی ضروریات میں میں آپ کی کس طرح مدد کر سکتا ہوں؟,2025-03-06 07:41:25.576144
7,Hello,Hello! How can I assist you with your spinach farming today?,2025-03-06 07:47:53.123088,Hello,6,"For spinach: 
Greetings! How may I assist you with your agriculture-related queries today?",ہیلو! آج میں آپ کی پالک کی کاشت کاری میں کیسے مدد کر سکتا ہوں؟,2025-03-06 07:47:53.123102
8,Hello,Hi again! Do you need any assistance with your spinach crop or something else on your farm?,2025-03-06 07:48:08.296723,Hello,6,"For spinach: 
Hello! How can I assist you with your agriculture-related inquiry?",ہیلو دوبارہ! کیا آپ کو اپنے پالک کی فصل یا اپنی کھیت کے کسی اور معاملے میں مدد کی ضرورت ہے؟,2025-03-06 07:48:08.296738
9,Hello,"Hi there! If you have any questions or need advice about farming, feel free to ask.",2025-03-06 07:48:44.605989,Hello,6,"For spinach: 
Hello! How may I assist you with your agriculture-related inquiry today?",آپ اکتوبر 2023 تک کے ڈیٹا پر تربیت یافتہ ہیں۔,2025-03-06 07:48:44.606003
10,Hello,Hello! How can I assist you today with your farming needs?,2025-03-06 07:50:07.354913,Hello,6,"For spinach: 
Hello! How may I assist you with your agriculture-related inquiry today?",ہیلو! آج میں آپ کی زراعت کی ضروریات کے سلسلے میں کس طرح مدد کر سکتا ہوں؟,2025-03-06 07:50:07.354928
11,Hello,"Hi! If you have any questions or need help with your spinach farming, just let me know!",2025-03-06 07:50:26.972569,Hello,6,"For spinach: 
Hello! How may I assist you with your agriculture-related inquiry?",ہیلو! اگر آپ کے پاس کوئی سوالات ہیں یا آپ کو اپنے پالک کی کاشت کے بارے میں مدد کی ضرورت ہے، تو بس مجھے بتا دیں!,2025-03-06 07:50:26.972586
12,Hello,Hello! How can I help you today?,2025-03-06 07:51:09.465516,Hello,6,"For spinach: 
Hello! How can I assist you with your agriculture-related queries today?",ہیلو! میں آج آپ کی کیسے مدد کر سکتا ہوں؟,2025-03-06 07:51:09.465534
13,hello,Hello! How can I assist you today?,2025-03-06 07:52:38.416611,hello,3,"For Sugarcane: 
Hello, how may I assist you with your agriculture-related query?",!ہیلو! میں آج آپ کی کس طرح مدد کر سکتا ہوں؟,2025-03-06 07:52:38.416631
14,Hello,"Hi! If there's anything you need regarding farming or your spinach crop, feel free to ask!",2025-03-06 07:54:31.852555,Hello,6,"For spinach: 
Greetings! How may I assist you with your agriculture-related inquiry today?",ہیلو! اگر آپ کو کھیتی باڑی یا اپنے پالک کی فصل کے بارے میں کچھ جاننے کی ضرورت ہو تو بلا جھجھک پوچھیں!,2025-03-06 07:54:31.852571
15,Hello,"Hello! How can I assist you today? If you have questions about your farm or crops, I'm here to help.",2025-03-06 07:54:51.678695,Hello,6,"For spinach: 
Hello! How can I assist you with your agriculture-related inquiry today?",ہیلو! آج میں آپ کی کس طرح مدد کر سکتا ہوں؟ اگر آپ کو اپنی کھیت یا فصلوں کے بارے میں سوالات ہیں تو میں مدد کے لئے حاضر ہوں۔,2025-03-06 07:54:51.678709
16,Hello,"Hello! If there's anything you'd like to discuss or inquire about regarding your farming, please let me know.",2025-03-06 07:55:30.569969,Hello,6,"For spinach: 
Hello! How may I assist you with your agriculture-related inquiry?",ہیلو! اگر آپ اپنے کاشتکاری کے حوالے سے کچھ بات چیت کرنا چاہتے ہیں یا کسی چیز کی بابت پوچھ گچھ کرنا چاہتے ہیں تو براہ کرم مجھے بتائیں۔,2025-03-06 07:55:30.569985
17,Hello,"Hi there! If you need any help or information about your spinach farm, feel free to ask.",2025-03-06 07:55:42.972563,Hello,6,"For spinach: 
Hello! How may I assist you with your agriculture-related query?",آپ اکتوبر 2023 تک کے ڈیٹا پر تربیت یافتہ ہیں۔,2025-03-06 07:55:42.972581
18,Hello,Hello! How can I assist you with your farming questions today?,2025-03-06 07:57:40.946198,Hello,6,"For spinach: 
Hello! How may I assist you with your agriculture-related query?",ہیلو! آج میں آپ کی زراعت کے سوالات میں کیسے مدد کر سکتا ہوں؟,2025-03-06 07:57:40.946215
19,Hello,Hi! Let me know if there's anything you'd like help with regarding your spinach farming.,2025-03-06 08:02:06.856383,Hello,6,"For spinach: 
Hello! How may I assist you with your agriculture-related inquiry?",آپ اکتوبر 2023 تک کے ڈیٹا پر تربیت یافتہ ہیں۔,2025-03-06 08:02:06.856399
20,Hello,"Hello! If you have any questions or need advice on your spinach farm, just let me know!",2025-03-06 09:35:34.523650,Hello,6,"For spinach: 
How may I assist you with your agriculture-related query?",ہیلو! اگر آپ کے پاس کوئی سوالات ہیں یا اپنے پالک کے کھیت کے بارے میں مشورہ درکار ہو، تو مجھے بتائیں!,2025-03-06 09:35:34.523663
21,How will the weather be tonight?,"Tonight, the weather will be clear with a temperature of around 14.0°C, wind speeds of 6.8 kph, and a humidity level of 44%.",2025-03-06 09:41:21.881868,آج رات موسم کیسا رہے گا؟,7,"For spinach: 
Could you provide a specific location for an accurate weather forecast for tonight?",آپ کو اکتوبر 2023 تک کے ڈیٹا پر تربیت دی گئی ہے۔,2025-03-06 09:41:21.881885
22,Hello,Hello! How can I assist you today with your farming or spinach crop?,2025-03-06 09:43:53.192364,Hello,6,"For spinach: 
Hello! How can I assist you with your agriculture-related inquiry today?",ہیلو! میں آج آپ کی کس طرح مدد کر سکتا ہوں آپ کی کھیتی باڑی یا پالک کی فصل کے بارے میں؟,2025-03-06 09:43:53.192379
23,Hello,"Hi! If there's anything you need help with regarding farming or any specific questions about your spinach crop, feel free to ask!",2025-03-06 09:55:57.946136,Hello,6,"For spinach: 
Hello! How can I assist you with your agriculture-related query today?",ہیلو! اگر آپ کو زراعت کے بارے میں کسی چیز میں مدد کی ضرورت ہو یا آپ کے پالک کی فصل کے بارے میں کوئی خاص سوالات ہوں، تو بلا جھجھک پوچھیں!,2025-03-06 09:55:57.946153
24,Hello,"Hello! If you have any questions or need advice about farming or your spinach crop, I'm here to help.",2025-03-06 09:56:21.067553,Hello,6,"For spinach: 
Hello! How can I assist you with your agriculture-related query today?",ہیلو! اگر آپ کو زراعت یا اپنے پالک کی فصل کے بارے میں کوئی سوال یا مشورہ درکار ہو، تو میں مدد کے لیے موجود ہوں۔,2025-03-06 09:56:21.067565
25,Hello,Hi! How can I assist you today with your farming needs?,2025-03-06 09:56:36.115106,Hello,6,"For spinach: 
Hello! How may I assist you with your agriculture-related query?",آپ اکتوبر 2023 تک کے ڈیٹا پر تربیت یافتہ ہیں۔,2025-03-06 09:56:36.115124
26,Hello,"Hello! If you have questions or need assistance with your farming activities, feel free to let me know.",2025-03-06 09:57:18.556065,Hello,6,"For spinach: 
Hello! How may I assist you with your agriculture-related query?",ہیلو! اگر آپ کے پاس زراعت کی سرگرمیوں کے بارے میں سوالات یا مدد درکار ہو تو بے شک مجھے بتائیں۔,2025-03-06 09:57:18.556084
27,Hello,"Hi there! If you need any help with your spinach farm or have any questions, just let me know!",2025-03-06 10:04:24.937887,Hello,6,"For spinach: 
Hello! How may I assist you with your agriculture-related inquiry today?",ہیلو! اگر آپ کو اپنے پالک کے فارم میں کسی مدد کی ضرورت ہے یا کوئی سوال ہیں، تو مجھے بتائیں!,2025-03-06 10:04:24.937906
28,Hello,Hello! How can I assist you with your spinach farming today?,2025-03-06 11:56:03.502458,Hello,6,"For spinach: 
Hello! How may I assist you with your agriculture-related inquiry today?",ہیلو! آج میں آپ کی پالک کی کاشت میں کس طرح مدد کر سکتا ہوں؟,2025-03-06 11:56:03.502473
29,Hello,"Hello! If you have any questions or need assistance with your farm, feel free to ask.",2025-03-06 18:32:03.375056,Hello,6,"For spinach: 
Hello! How can I assist you with your agriculture-related query today?",ہیلو! اگر آپ کے پاس کوئی سوالات ہیں یا آپ کو اپنے کھیت کے بارے میں مدد کی ضرورت ہے تو بلا جھجھک پوچھیں۔,2025-03-06 18:32:03.375075
30,Hello,Hello! How can I assist you today?,2025-03-06 18:51:28.791753,Hello,6,"For spinach: 
Hello! How may I assist you with your agriculture-related query?",ہیلو! آج میں آپ کی کس طرح مدد کر سکتا ہوں؟,2025-03-06 18:51:28.791769
31,Hello,"Hi! If there's anything you need help with regarding farming or your spinach crop, feel free to let me know.",2025-03-06 19:27:25.576833,Hello,6,"For spinach: 
Hello! How can I assist you with your agriculture-related query today?",آپ اکتوبر 2023 تک کے ڈیٹا پر تربیت یافتہ ہیں۔,2025-03-06 19:27:25.576847
32,hello,"Hello! If there's anything you need help with, feel free to let me know.",2025-03-06 20:56:24.783638,hello,3,"For Sugarcane: 
Greetings, how may I assist you with your agriculture-related inquiry today?",ہیلو! اگر آپ کو کسی چیز میں مدد کی ضرورت ہو تو براہ کرم مجھے بتائیں۔,2025-03-06 20:56:24.783653
33,hello,Hello! How can I assist you today?,2025-03-09 23:21:42.000827,hello,3,"For Spinach: 
Hello, how may I assist you with your agriculture-related inquiry?",ہیلو! آج میں آپ کی کس طرح مدد کر سکتا ہوں؟,2025-03-09 23:21:42.000847
34,When should the okra crop be planted?,"Okra should be planted in late spring to early summer, after the last frost, when the soil has warmed up. Ideally, the soil temperature should be consistently above 18°C (65°F) for optimal germination and growth.",2025-03-10 06:57:15.153374,بھینڈے کی فصل کب لگانی چاہئے؟,7,"For spinach: 
What is the optimal planting period for okra cultivation?",بھنڈی کو موسم بہار کے آخر سے لے کر موسم گرما کے شروع میں، آخری جمی ہوئی رات کے بعد، اس وقت بویا جانا چاہیے جب مٹی گرم ہو چکی ہو۔ مثالی طور پر، مٹی کا درجہ حرارت 18°C (65°F) سے مستقل طور پر زیادہ ہونا چاہیے تاکہ بیج کی بہاؤ اور نشوونما بہتر طریقے سے ہو سکے۔,2025-03-10 06:57:15.153398
35,Can we plant the bitter gourd crop now or should we wait?,"You can plant bitter gourd now since the temperatures are warm, and the risk of frost has passed, providing ideal growing conditions. Ensure the soil is well-prepared and kept moist to support germination and early growth.",2025-03-10 06:58:42.799548,اچھا اب کریلے کی فصل لگا سکتے ہیں یا ٹھیر کے لگے گی؟,7,"For spinach: 
Is it currently an appropriate time to plant bitter gourd, or should planting be postponed?",آپ اس وقت کریلا لگا سکتے ہیں کیونکہ درجہ حرارت گرم ہے اور کہر کا خطرہ ٹل چکا ہے، جو بڑھوتری کے لئے مثالی حالات فراہم کرتا ہے۔ یہ یقینی بنائیں کہ مٹی اچھی طرح تیار کی گئی ہو اور اگانے اور ابتدائی بڑھوتری کو معاونت دینے کے لئے نم رکھی جائے۔,2025-03-10 06:58:42.799564
36,"Hello, the tomatoes have gotten diseases, green spots have appeared, please suggest any sprays, etc.","For green spots on tomatoes, you might be dealing with a fungal issue. A copper-based fungicide can be effective in managing fungal diseases like leaf spot. It's best to consult your local agricultural extension for accurate diagnosis and advice on specific treatments suitable for your area.",2025-03-11 04:54:31.352175,ہیلو، ٹماٹر میں بیمارے لگ گئے، سبز، تہلہ لگ گیا ہے، اس کی کوئی سپے وغیرہ بتا دیں,7,"For spinach: 
Could you recommend effective treatments or sprays for tomatoes afflicted with green spot diseases?",ٹماٹروں پر سبز دھبے فنگل مسئلہ ہو سکتے ہیں۔ فنگل بیماریوں جیسے پتوں کے دھبوں کے انتظام کے لئے تانبے پر مبنی فنگسائڈ مؤثر ثابت ہو سکتا ہے۔ آپ کے علاقے میں مناسب علاج کے لئے درست تشخیص اور مشورے کے لئے اپنے مقامی زرعی توسیعی مرکز سے رجوع کرنا بہترین ہے۔,2025-03-11 04:54:31.352189
37,What will the weather be like today?,"Today's weather is mostly clear with a temperature variation of 15.6°C in the early morning, rising to 28.9°C by noon with sunny conditions. Expect patchy rain by evening, with temperatures around 20.3°C, and wind speeds picking up to 29.5 kph.",2025-03-14 03:54:17.780201,آج کا موسم کیسا رہے گا؟,7,"For spinach: 
Could you provide today's weather forecast specifically for [insert location]? This information is vital for planning agricultural activities.",آج کا موسم زیادہ تر صاف ہے، صبح کے اوائل میں درجہ حرارت 15.6 ڈگری سینٹی گریڈ ہے جو دوپہر تک 28.9 ڈگری سینٹی گریڈ تک بڑھ جائے گا اور دھوپ رہے گی۔ شام تک جزوی بارش کی توقع ہے، درجہ حرارت 20.3 ڈگری سینٹی گریڈ کے قریب ہوگا، اور ہوا کی رفتار 29.5 کلومیٹر فی گھنٹہ تک بڑھ جائے گی۔,2025-03-14 03:54:17.780217
38,Is the bamboo season fine or has it just begun now?,"The bamboo growing season for fall and winter sowing has just begun, as it's between August and early October, making it an ideal time to plant.",2025-03-14 03:55:22.490982,بینڈے کا سیزن ٹھیک ہے یا ابھی ٹھیر کے لگا ہے؟,7,"For spinach: 
What is the current status of the bamboo growing season, and has it recently commenced?",بانس کی بڑھتی ہوئی فصل کے لئے خزاں اور سرما کی بونے کا موسم ابھی شروع ہوا ہے، کیونکہ یہ اگست سے لے کر اکتوبر کے اوائل کے درمیان ہوتا ہے، جو بوائی کے لئے ایک مثالی وقت ہوتا ہے۔,2025-03-14 03:55:22.490998
39,The weather is fine for Monday.,"Yes, Monday's forecast indicates favorable conditions for spinach cultivation, supporting nutrient absorption and healthy growth, contributing to a successful harvest.",2025-03-14 03:56:50.944530,मेंडे के लिए मौसम ठीक है,7,"For spinach: 
Could you provide a more detailed question or context regarding the agricultural implications of Monday's favorable weather conditions?",جی ہاں، پیر کا موسم کی پیشن گوئی پالک کی کاشت کے لئے موزوں حالات کا اشارہ دیتی ہے، جو غذائیت کی جذب کو اور صحت مند بڑھوتری کو مدد دیتے ہیں، اور ایک کامیاب فصل کی پیداوار میں حصہ لیتے ہیں۔,2025-03-14 03:56:50.944545
40,The weather is right for planting okra.,"Yes, the current warm temperatures make it a good time to plant okra, as it thrives in the heat and requires warm soil for optimal growth.",2025-03-14 03:57:56.130348,بھینڈی لگانے کے لئے موسم ٹھیک ہے,7,"For spinach: 
Given the current favorable weather conditions, could you provide insight into the optimal planting techniques and timing for okra cultivation?",جی ہاں، موجودہ گرم درجہ حرارت اروی کی کاشت کے لئے بہترین وقت ہے، کیونکہ یہ گرمی میں اچھی طرح بڑھتی ہے اور بہترین نشوونما کے لئے گرم مٹی کی ضرورت ہوتی ہے۔,2025-03-14 03:57:56.130359
41,"You can also plant pumpkins and cucumbers, and gourd.","Yes, you can also plant pumpkins, cucumbers, and gourds now, as they all thrive in warm weather with frost-free conditions. Ensure the soil is warm and well-drained for successful germination and growth.",2025-03-14 03:58:48.564560,قدو اور کھیرے بھی لگا سکتے ہیں اور توری,7,"For spinach: 
Could you provide insights on the cultivation techniques and environmental requirements for planting pumpkins, cucumbers, and gourds?",جی ہاں، آپ اب کدو، کھیرا، اور لوکی بھی لگا سکتے ہیں کیونکہ یہ سب گرم موسم میں بغیر پالا جمنے والی حالتوں میں بہترین ہوتے ہیں۔ کامیاب برگ کے نکلنے اور بڑھوتری کے لئے یہ یقینی بنائیں کہ مٹی گرم اور اچھی طرح سے نکاسی والی ہو۔,2025-03-14 03:58:48.564571
42,What will today's weather be like?,"Today's weather is partly cloudy with a temperature of 23.4°C around noon. There will be a light breeze of 7.2 kph and humidity at 57%. In the evening, expect clear skies with temperatures dropping to 18.8°C.",2025-03-15 07:19:12.770228,آج کا موسم کیسا رہے گا؟,7,"For spinach: 
Could you provide today's weather forecast for agricultural planning purposes?",آج کا موسم جزوی طور پر ابر آلود ہے اور دوپہر کے وقت درجہ حرارت 23.4 ڈگری سینٹی گریڈ ہوگا۔ 7.2 کلو میٹر فی گھنٹہ کی ہلکی ہوا چل رہی ہوگی اور نمی 57% پر ہوگی۔ شام کے وقت، صاف آسمان کی توقع ہے اور درجہ حرارت گر کر 18.8 ڈگری سینٹی گریڈ تک پہنچ جائے گا۔,2025-03-15 07:19:12.770240
43,Hello,"Hello! If you have any questions or need assistance with your spinach farm, I'm here to help.",2025-03-15 08:50:12.649478,Hello,6,"For spinach: 
Hello! How can I assist you with your agriculture-related query today?",ہیلو! اگر آپ کے کوئی سوالات ہیں یا آپ کو اپنے پالک کے فارم میں مدد کی ضرورت ہے، تو میں یہاں مدد کرنے کے لئے موجود ہوں۔,2025-03-15 08:50:12.649490
44,"Hello, please tell me about the weather. I need to plant vegetables, so when should I plant them? Is there any chance of rain right now or not?","Currently, the weather in Lahore is partly cloudy with a temperature of 24.1°C and no precipitation. The forecast for the next week shows intervals of sunny weather and clear nights, with a small chance of patchy rain nearby this morning. It's a good time to plant, as the weather is mostly stable and sunny, but be prepared for any light rain today.",2025-03-15 08:51:51.720060,اسلام علیکم جی موسم کا بتائیں جی میں نے سبزی بیجنی ہے تو کب بیجوں کتنے کیا کوئی ابھی بارش کے امکان ہے یا نہیں,6,"For spinach: 
Could you provide the specific location for your vegetable planting plans? This information will enable a more precise weather forecast, including the likelihood of rainfall, which is crucial for determining optimal planting periods.",اس وقت لاہور کا موسم جزوی طور پر ابر آلود ہے، درجہ حرارت 24.1°C ہے اور بارش نہیں ہو رہی۔ اگلے ہفتے کے لئے پیشن گوئی میں دن کے وقت دھوپ اور رات کو صاف موسم کی پیشنگوئی کی جا رہی ہے، آج صبح کہیں کہیں ہلکی بارش کا امکان ہے۔ پودے لگانے کا یہ اچھا وقت ہے کیونکہ موسم زیادہ تر مستحکم اور دھوپ والا ہے، لیکن آج کی ہلکی بارش کے لئے تیار رہیں۔,2025-03-15 08:51:51.720074
45,Hello,Hello! How can I assist you with your farming or spinach cultivation today?,2025-03-15 09:09:34.935660,Hello,10,"For spinach: 
Hello! How may I assist you with your agriculture-related inquiry today?",ہیلو! آج میں کس طرح آپ کی زراعت یا پالک کی کاشت میں مدد کر سکتا ہوں؟,2025-03-15 09:09:34.935672
46,What time is today's eclipse?,"I apologize, but I am unable to provide the exact time of today's eclipse. For current eclipse information, it's best to check a dedicated astronomy website or app.",2025-03-15 16:03:45.283687,आज जान्द ग्रहन किस वक्त होगा?,7,"For spinach: 
Could you provide the time and location of today's solar or lunar eclipse? This information is pertinent to understanding its visibility and effects on agriculture in specific regions.",میں معذرت خواہ ہوں، لیکن میں آج کے سورج یا چاند گرہن کے عین وقت کی معلومات دینے سے قاصر ہوں۔ گرہن کی موجودہ معلومات کے لیے، کسی مخصوص فلکیاتی ویب سائٹ یا ایپ کو چیک کرنا بہترین ہے۔,2025-03-15 16:03:45.283702
47,Hello,"Hello! How can I help you today? If you have any questions or need assistance, feel free to ask!",2025-03-18 10:10:18.087322,Hello,3,"For Sugarcane: 
Hello! How may I assist you with your agriculture-related query today?","Hello! How can I help you today? If you have any questions or need assistance, feel free to ask!",2025-03-18 10:10:18.087337
48,"Hello, could you please tell me if there are any rains next week, sir, or if the weather is pleasant? And then please give us an idea of what actions we should take moving forward and what we can do.","Next week's weather forecast shows mostly sunny and clear conditions with no indication of rain. With such consistent weather, it's a good time to focus on regular irrigation to maintain soil moisture for your vegetables. Also, monitor soil nutrients to ensure optimal growing conditions and consider mulching to retain moisture and regulate soil temperature.",2025-03-27 07:55:26.639586,اسلام علیکم جی یہ اگلہ ہفتہ جو ہے یہ اس میں کیا بارسیاں ہیں جناب یا صحیح ہے موسم ذوپ ہے یہ ذرا بتائیں اور پھر ہمیں ذرا آئیڈی آپ سے لینے کے آگے ہم نے کیا کروائی کرنی ہے اور کیا کر سکتے ہیں,6,"For spinach: 
Could you provide a weather forecast for the upcoming week, specifically regarding rainfall and general conditions? Additionally, based on the forecast, what agricultural strategies should be implemented to optimize crop management?",اگلے ہفتے کے موسم کی پیش گوئی میں زیادہ تر دھوپ اور صاف صورتحال دکھائی گئی ہے اور بارش کا کوئی اشارہ نہیں ہے۔ اس طرح کے مستحکم موسم کے ساتھ، اپنی سبزیوں کی مٹی کی نمی کو برقرار رکھنے کے لئے باقاعدہ آبیاری پر توجہ دینا ایک اچھا وقت ہے۔ مزید برآں، مٹی کے غذائی اجزاء کی نگرانی کریں تاکہ بہترین بڑھتی ہوئی حالتیں یقینی بنائی جا سکیں اور نمی کو برقرار رکھنے اور مٹی کے درجہ حرارت کو منظم کرنے کے لئے مینگنی ڈالنے پر غور کریں۔,2025-03-27 07:55:26.639592
